{
    "comment": "",
    "TripInteraction_1_had_rbf": 18.592491149902344,
    "TripInteraction_1_sum_cbf": 8.044872283935547,
    "AtomUpdate_1_sum": 1.2743585109710693,
    "EwaldUpdate_1_sum": 6.895636558532715,
    "TripInteraction_2_had_rbf": 15.36157512664795,
    "TripInteraction_2_sum_cbf": 7.652769088745117,
    "AtomUpdate_2_sum": 1.0115656852722168,
    "EwaldUpdate_2_sum": 5.14326286315918,
    "TripInteraction_3_had_rbf": 14.738862991333008,
    "TripInteraction_3_sum_cbf": 6.391788482666016,
    "AtomUpdate_3_sum": 0.9353192448616028,
    "EwaldUpdate_3_sum": 3.915808916091919,
    "OutBlock_0_sum": 1.6676208972930908,
    "OutBlock_0_had": 16.51543426513672,
    "OutBlock_1_sum": 1.1407381296157837,
    "OutBlock_1_had": 13.825911521911621,
    "OutBlock_2_sum": 1.0064946413040161,
    "OutBlock_2_had": 14.535618782043457,
    "OutBlock_3_sum": 1.0277588367462158,
    "OutBlock_3_had": 15.363595962524414
}
