{
    "comment": "",
    "TripInteraction_1_had_rbf": 9.783719062805176,
    "TripInteraction_1_sum_cbf": 4.72667932510376,
    "AtomUpdate_1_sum": 1.2849106788635254,
    "TripInteraction_2_had_rbf": 9.852787017822266,
    "TripInteraction_2_sum_cbf": 5.034113883972168,
    "AtomUpdate_2_sum": 1.206314206123352,
    "TripInteraction_3_had_rbf": 9.980461120605469,
    "TripInteraction_3_sum_cbf": 5.346843719482422,
    "AtomUpdate_3_sum": 1.246504783630371,
    "OutBlock_0_sum": 1.3333673477172852,
    "OutBlock_1_sum": 1.1605883836746216,
    "OutBlock_2_sum": 1.1303411722183228,
    "OutBlock_3_sum": 1.1615333557128906
}
